tool_name,handler_path,use_case,risk_score,reads_files,writes_files,executes_shell,handles_creds,destructive,permissive_only
ssh_canary_exec,src/mcp/tool_handlers/ssh_canary_exec.rs,src/domain/use_cases/canary.rs,14,0,1,raw,1,1,1
ssh_pty_exec,src/mcp/tool_handlers/ssh_pty_exec.rs,execute_command,14,0,1,raw,1,1,1
ssh_pty_interact,src/mcp/tool_handlers/ssh_pty_interact.rs,execute_command,14,0,1,raw,1,1,1
ssh_at_jobs,src/mcp/tool_handlers/ssh_at_jobs.rs,src/domain/use_cases/at.rs,13,1,1,builtin,1,1,0
ssh_letsencrypt_status,src/mcp/tool_handlers/ssh_letsencrypt_status.rs,src/domain/use_cases/letsencrypt.rs,13,1,1,builtin,1,1,0
ssh_alert_set,src/mcp/tool_handlers/ssh_alert_set.rs,src/domain/use_cases/alert.rs,12,0,1,builtin,1,1,0
ssh_ansible_adhoc,src/mcp/tool_handlers/ssh_ansible_adhoc.rs,src/domain/use_cases/ansible.rs,12,0,1,builtin,1,1,0
ssh_ansible_playbook,src/mcp/tool_handlers/ssh_ansible_playbook.rs,src/domain/use_cases/ansible.rs,12,0,1,builtin,1,1,0
ssh_apparmor_profiles,src/mcp/tool_handlers/ssh_apparmor_profiles.rs,src/domain/use_cases/apparmor.rs,12,0,1,builtin,1,1,0
ssh_awx_job_cancel,src/mcp/tool_handlers/ssh_awx_job_cancel.rs,src/domain/use_cases/awx.rs,12,0,1,builtin,1,1,0
ssh_awx_job_launch,src/mcp/tool_handlers/ssh_awx_job_launch.rs,src/domain/use_cases/awx.rs,12,0,1,builtin,1,1,0
ssh_awx_project_sync,src/mcp/tool_handlers/ssh_awx_project_sync.rs,src/domain/use_cases/awx.rs,12,0,1,builtin,1,1,0
ssh_backup_snapshot,src/mcp/tool_handlers/ssh_backup_snapshot.rs,src/domain/use_cases/backup.rs,12,0,1,builtin,1,1,0
ssh_compliance_check,src/mcp/tool_handlers/ssh_compliance_check.rs,src/domain/use_cases/compliance.rs,12,0,1,builtin,1,1,0
ssh_cron_add,src/mcp/tool_handlers/ssh_cron_add.rs,src/domain/use_cases/cron.rs,12,0,1,builtin,1,1,0
ssh_cron_remove,src/mcp/tool_handlers/ssh_cron_remove.rs,src/domain/use_cases/cron.rs,12,0,1,builtin,1,1,0
ssh_docker_compose,src/mcp/tool_handlers/ssh_docker_compose.rs,src/domain/use_cases/docker.rs,12,0,1,builtin,1,1,0
ssh_esxi_snapshot,src/mcp/tool_handlers/ssh_esxi_snapshot.rs,src/domain/use_cases/esxi.rs,12,0,1,builtin,1,1,0
ssh_file_chmod,src/mcp/tool_handlers/ssh_file_chmod.rs,src/domain/use_cases/file.rs,12,0,1,builtin,1,1,0
ssh_file_chown,src/mcp/tool_handlers/ssh_file_chown.rs,src/domain/use_cases/file.rs,12,0,1,builtin,1,1,0
ssh_file_patch,src/mcp/tool_handlers/ssh_file_patch.rs,src/domain/use_cases/file.rs,12,0,1,builtin,1,1,0
ssh_file_template,src/mcp/tool_handlers/ssh_file_template.rs,src/domain/use_cases/file.rs,12,0,1,builtin,1,1,0
ssh_firewall_allow,src/mcp/tool_handlers/ssh_firewall_allow.rs,src/domain/use_cases/firewall.rs,12,0,1,builtin,1,1,0
ssh_firewall_deny,src/mcp/tool_handlers/ssh_firewall_deny.rs,src/domain/use_cases/firewall.rs,12,0,1,builtin,1,1,0
ssh_group_add,src/mcp/tool_handlers/ssh_group_add.rs,src/domain/use_cases/group.rs,12,0,1,builtin,1,1,0
ssh_group_delete,src/mcp/tool_handlers/ssh_group_delete.rs,src/domain/use_cases/group.rs,12,0,1,builtin,1,1,0
ssh_helm_install,src/mcp/tool_handlers/ssh_helm_install.rs,src/domain/use_cases/helm.rs,12,0,1,builtin,1,1,0
ssh_helm_rollback,src/mcp/tool_handlers/ssh_helm_rollback.rs,src/domain/use_cases/helm.rs,12,0,1,builtin,1,1,0
ssh_helm_uninstall,src/mcp/tool_handlers/ssh_helm_uninstall.rs,src/domain/use_cases/helm.rs,12,0,1,builtin,1,1,0
ssh_helm_upgrade,src/mcp/tool_handlers/ssh_helm_upgrade.rs,src/domain/use_cases/helm.rs,12,0,1,builtin,1,1,0
ssh_hyperv_snapshot_create,src/mcp/tool_handlers/ssh_hyperv_snapshot_create.rs,src/domain/use_cases/hyperv.rs,12,0,1,builtin,1,1,0
ssh_hyperv_vm_start,src/mcp/tool_handlers/ssh_hyperv_vm_start.rs,src/domain/use_cases/hyperv.rs,12,0,1,builtin,1,1,0
ssh_hyperv_vm_stop,src/mcp/tool_handlers/ssh_hyperv_vm_stop.rs,src/domain/use_cases/hyperv.rs,12,0,1,builtin,1,1,0
ssh_iis_restart,src/mcp/tool_handlers/ssh_iis_restart.rs,src/domain/use_cases/iis.rs,12,0,1,builtin,1,1,0
ssh_iis_start,src/mcp/tool_handlers/ssh_iis_start.rs,src/domain/use_cases/iis.rs,12,0,1,builtin,1,1,0
ssh_iis_stop,src/mcp/tool_handlers/ssh_iis_stop.rs,src/domain/use_cases/iis.rs,12,0,1,builtin,1,1,0
ssh_inventory_sync,src/mcp/tool_handlers/ssh_inventory_sync.rs,src/domain/use_cases/inventory.rs,12,0,1,builtin,1,1,0
ssh_k8s_apply,src/mcp/tool_handlers/ssh_k8s_apply.rs,src/domain/use_cases/k8s.rs,12,0,1,builtin,1,1,0
ssh_k8s_delete,src/mcp/tool_handlers/ssh_k8s_delete.rs,src/domain/use_cases/k8s.rs,12,0,1,builtin,1,1,0
ssh_k8s_rollout,src/mcp/tool_handlers/ssh_k8s_rollout.rs,src/domain/use_cases/k8s.rs,12,0,1,builtin,1,1,0
ssh_k8s_scale,src/mcp/tool_handlers/ssh_k8s_scale.rs,src/domain/use_cases/k8s.rs,12,0,1,builtin,1,1,0
ssh_key_distribute,src/mcp/tool_handlers/ssh_key_distribute.rs,src/domain/use_cases/key.rs,12,0,1,builtin,1,1,0
ssh_key_generate,src/mcp/tool_handlers/ssh_key_generate.rs,src/domain/use_cases/key.rs,12,0,1,builtin,1,1,0
ssh_ldap_add,src/mcp/tool_handlers/ssh_ldap_add.rs,src/domain/use_cases/ldap.rs,12,0,1,builtin,1,1,0
ssh_ldap_modify,src/mcp/tool_handlers/ssh_ldap_modify.rs,src/domain/use_cases/ldap.rs,12,0,1,builtin,1,1,0
ssh_net_equip_config,src/mcp/tool_handlers/ssh_net_equip_config.rs,src/domain/use_cases/net.rs,12,0,1,builtin,1,1,0
ssh_net_equip_save,src/mcp/tool_handlers/ssh_net_equip_save.rs,src/domain/use_cases/net.rs,12,0,1,builtin,1,1,0
ssh_pkg_install,src/mcp/tool_handlers/ssh_pkg_install.rs,src/domain/use_cases/pkg.rs,12,0,1,builtin,1,1,0
ssh_pkg_remove,src/mcp/tool_handlers/ssh_pkg_remove.rs,src/domain/use_cases/pkg.rs,12,0,1,builtin,1,1,0
ssh_pkg_update,src/mcp/tool_handlers/ssh_pkg_update.rs,src/domain/use_cases/pkg.rs,12,0,1,builtin,1,1,0
ssh_podman_compose,src/mcp/tool_handlers/ssh_podman_compose.rs,src/domain/use_cases/podman.rs,12,0,1,builtin,1,1,0
ssh_process_kill,src/mcp/tool_handlers/ssh_process_kill.rs,src/domain/use_cases/process.rs,12,0,1,builtin,1,1,0
ssh_pty_resize,src/mcp/tool_handlers/ssh_pty_resize.rs,src/domain/use_cases/pty.rs,12,0,1,builtin,1,1,0
ssh_reg_delete,src/mcp/tool_handlers/ssh_reg_delete.rs,src/domain/use_cases/reg.rs,12,0,1,builtin,1,1,0
ssh_reg_export,src/mcp/tool_handlers/ssh_reg_export.rs,src/domain/use_cases/reg.rs,12,0,1,builtin,1,1,0
ssh_reg_set,src/mcp/tool_handlers/ssh_reg_set.rs,src/domain/use_cases/reg.rs,12,0,1,builtin,1,1,0
ssh_schtask_disable,src/mcp/tool_handlers/ssh_schtask_disable.rs,src/domain/use_cases/schtask.rs,12,0,1,builtin,1,1,0
ssh_schtask_enable,src/mcp/tool_handlers/ssh_schtask_enable.rs,src/domain/use_cases/schtask.rs,12,0,1,builtin,1,1,0
ssh_schtask_run,src/mcp/tool_handlers/ssh_schtask_run.rs,src/domain/use_cases/schtask.rs,12,0,1,builtin,1,1,0
ssh_selinux_booleans,src/mcp/tool_handlers/ssh_selinux_booleans.rs,src/domain/use_cases/selinux.rs,12,0,1,builtin,1,1,0
ssh_service_daemon_reload,src/mcp/tool_handlers/ssh_service_daemon_reload.rs,src/domain/use_cases/service.rs,12,0,1,builtin,1,1,0
ssh_service_disable,src/mcp/tool_handlers/ssh_service_disable.rs,src/domain/use_cases/service.rs,12,0,1,builtin,1,1,0
ssh_service_enable,src/mcp/tool_handlers/ssh_service_enable.rs,src/domain/use_cases/service.rs,12,0,1,builtin,1,1,0
ssh_service_restart,src/mcp/tool_handlers/ssh_service_restart.rs,src/domain/use_cases/service.rs,12,0,1,builtin,1,1,0
ssh_service_start,src/mcp/tool_handlers/ssh_service_start.rs,src/domain/use_cases/service.rs,12,0,1,builtin,1,1,0
ssh_service_stop,src/mcp/tool_handlers/ssh_service_stop.rs,src/domain/use_cases/service.rs,12,0,1,builtin,1,1,0
ssh_storage_fdisk,src/mcp/tool_handlers/ssh_storage_fdisk.rs,src/domain/use_cases/storage.rs,12,0,1,builtin,1,1,0
ssh_storage_fstab,src/mcp/tool_handlers/ssh_storage_fstab.rs,src/domain/use_cases/storage.rs,12,0,1,builtin,1,1,0
ssh_storage_lvm,src/mcp/tool_handlers/ssh_storage_lvm.rs,src/domain/use_cases/storage.rs,12,0,1,builtin,1,1,0
ssh_storage_mount,src/mcp/tool_handlers/ssh_storage_mount.rs,src/domain/use_cases/storage.rs,12,0,1,builtin,1,1,0
ssh_storage_umount,src/mcp/tool_handlers/ssh_storage_umount.rs,src/domain/use_cases/storage.rs,12,0,1,builtin,1,1,0
ssh_template_apply,src/mcp/tool_handlers/ssh_template_apply.rs,src/domain/use_cases/template.rs,12,0,1,builtin,1,1,0
ssh_terraform_apply,src/mcp/tool_handlers/ssh_terraform_apply.rs,src/domain/use_cases/terraform.rs,12,0,1,builtin,1,1,0
ssh_timer_disable,src/mcp/tool_handlers/ssh_timer_disable.rs,src/domain/use_cases/timer.rs,12,0,1,builtin,1,1,0
ssh_timer_enable,src/mcp/tool_handlers/ssh_timer_enable.rs,src/domain/use_cases/timer.rs,12,0,1,builtin,1,1,0
ssh_timer_trigger,src/mcp/tool_handlers/ssh_timer_trigger.rs,src/domain/use_cases/timer.rs,12,0,1,builtin,1,1,0
ssh_user_add,src/mcp/tool_handlers/ssh_user_add.rs,src/domain/use_cases/user.rs,12,0,1,builtin,1,1,0
ssh_user_delete,src/mcp/tool_handlers/ssh_user_delete.rs,src/domain/use_cases/user.rs,12,0,1,builtin,1,1,0
ssh_user_modify,src/mcp/tool_handlers/ssh_user_modify.rs,src/domain/use_cases/user.rs,12,0,1,builtin,1,1,0
ssh_vault_write,src/mcp/tool_handlers/ssh_vault_write.rs,src/domain/use_cases/vault.rs,12,0,1,builtin,1,1,0
ssh_win_feature_install,src/mcp/tool_handlers/ssh_win_feature_install.rs,src/domain/use_cases/win.rs,12,0,1,builtin,1,1,0
ssh_win_feature_remove,src/mcp/tool_handlers/ssh_win_feature_remove.rs,src/domain/use_cases/win.rs,12,0,1,builtin,1,1,0
ssh_win_firewall_allow,src/mcp/tool_handlers/ssh_win_firewall_allow.rs,src/domain/use_cases/win.rs,12,0,1,builtin,1,1,0
ssh_win_firewall_deny,src/mcp/tool_handlers/ssh_win_firewall_deny.rs,src/domain/use_cases/win.rs,12,0,1,builtin,1,1,0
ssh_win_firewall_remove,src/mcp/tool_handlers/ssh_win_firewall_remove.rs,src/domain/use_cases/win.rs,12,0,1,builtin,1,1,0
ssh_win_process_kill,src/mcp/tool_handlers/ssh_win_process_kill.rs,src/domain/use_cases/win.rs,12,0,1,builtin,1,1,0
ssh_win_service_disable,src/mcp/tool_handlers/ssh_win_service_disable.rs,src/domain/use_cases/win.rs,12,0,1,builtin,1,1,0
ssh_win_service_enable,src/mcp/tool_handlers/ssh_win_service_enable.rs,src/domain/use_cases/win.rs,12,0,1,builtin,1,1,0
ssh_win_service_restart,src/mcp/tool_handlers/ssh_win_service_restart.rs,src/domain/use_cases/win.rs,12,0,1,builtin,1,1,0
ssh_win_service_start,src/mcp/tool_handlers/ssh_win_service_start.rs,src/domain/use_cases/win.rs,12,0,1,builtin,1,1,0
ssh_win_service_stop,src/mcp/tool_handlers/ssh_win_service_stop.rs,src/domain/use_cases/win.rs,12,0,1,builtin,1,1,0
ssh_win_update_install,src/mcp/tool_handlers/ssh_win_update_install.rs,src/domain/use_cases/win.rs,12,0,1,builtin,1,1,0
ssh_win_update_reboot,src/mcp/tool_handlers/ssh_win_update_reboot.rs,src/domain/use_cases/win.rs,12,0,1,builtin,1,1,0
ssh_backup_create,src/mcp/tool_handlers/ssh_backup_create.rs,src/domain/use_cases/backup.rs,10,0,1,no,1,1,0
ssh_backup_restore,src/mcp/tool_handlers/ssh_backup_restore.rs,src/domain/use_cases/backup.rs,10,0,1,no,1,1,0
ssh_db_dump,src/mcp/tool_handlers/ssh_db_dump.rs,src/domain/use_cases/db.rs,10,0,1,no,1,1,0
ssh_db_restore,src/mcp/tool_handlers/ssh_db_restore.rs,src/domain/use_cases/db.rs,10,0,1,no,1,1,0
ssh_esxi_vm_power,src/mcp/tool_handlers/ssh_esxi_vm_power.rs,src/domain/use_cases/esxi.rs,9,0,1,builtin,0,1,0
ssh_file_write,src/mcp/tool_handlers/ssh_file_write.rs,src/domain/use_cases/file.rs,9,0,1,builtin,0,1,0
ssh_config_set,src/mcp/tool_handlers/ssh_config_set.rs,src/domain/use_cases/config.rs,8,1,1,no,0,1,0
ssh_session_close,src/mcp/tool_handlers/ssh_session_close.rs,src/domain/use_cases/session.rs,8,1,1,no,0,1,0
ssh_session_create,src/mcp/tool_handlers/ssh_session_create.rs,src/domain/use_cases/session.rs,8,1,1,no,0,1,0
ssh_session_exec,src/mcp/tool_handlers/ssh_session_exec.rs,execute_command,8,1,0,raw,1,0,1
ssh_docker_exec,src/mcp/tool_handlers/ssh_docker_exec.rs,src/domain/use_cases/docker.rs,7,0,0,raw,1,0,1
ssh_download,src/mcp/tool_handlers/ssh_download.rs,src/domain/use_cases/download.rs,7,0,1,no,0,1,0
ssh_exec,src/mcp/tool_handlers/ssh_exec.rs,execute_command,7,0,0,raw,1,0,1
ssh_exec_multi,src/mcp/tool_handlers/ssh_exec_multi.rs,execute_command,7,0,0,raw,1,0,1
ssh_files_write,src/mcp/tool_handlers/ssh_files_write.rs,src/domain/use_cases/files.rs,7,0,1,no,0,1,0
ssh_k8s_exec,src/mcp/tool_handlers/ssh_k8s_exec.rs,src/domain/use_cases/k8s.rs,7,0,0,raw,1,0,1
ssh_podman_exec,src/mcp/tool_handlers/ssh_podman_exec.rs,src/domain/use_cases/podman.rs,7,0,0,raw,1,0,1
ssh_recording_start,src/mcp/tool_handlers/ssh_recording_start.rs,src/domain/use_cases/recording.rs,7,0,1,no,0,1,0
ssh_recording_stop,src/mcp/tool_handlers/ssh_recording_stop.rs,src/domain/use_cases/recording.rs,7,0,1,no,0,1,0
ssh_rolling_exec,src/mcp/tool_handlers/ssh_rolling_exec.rs,execute_command,7,0,0,raw,1,0,1
ssh_runbook_execute,src/mcp/tool_handlers/ssh_runbook_execute.rs,src/domain/use_cases/runbook.rs,7,0,1,no,0,1,0
ssh_sync,src/mcp/tool_handlers/ssh_sync.rs,src/domain/use_cases/sync.rs,7,0,1,no,0,1,0
ssh_tunnel_close,src/mcp/tool_handlers/ssh_tunnel_close.rs,src/domain/use_cases/tunnel.rs,7,0,1,no,0,1,0
ssh_tunnel_create,src/mcp/tool_handlers/ssh_tunnel_create.rs,src/domain/use_cases/tunnel.rs,7,0,1,no,0,1,0
ssh_upload,src/mcp/tool_handlers/ssh_upload.rs,src/domain/use_cases/upload.rs,7,0,1,no,0,1,0
ssh_ad_computer_list,src/mcp/tool_handlers/ssh_ad_computer_list.rs,src/domain/use_cases/ad.rs,6,1,0,builtin,1,0,0
ssh_ad_domain_info,src/mcp/tool_handlers/ssh_ad_domain_info.rs,src/domain/use_cases/ad.rs,6,1,0,builtin,1,0,0
ssh_ad_group_list,src/mcp/tool_handlers/ssh_ad_group_list.rs,src/domain/use_cases/ad.rs,6,1,0,builtin,1,0,0
ssh_ad_group_members,src/mcp/tool_handlers/ssh_ad_group_members.rs,src/domain/use_cases/ad.rs,6,1,0,builtin,1,0,0
ssh_ad_user_info,src/mcp/tool_handlers/ssh_ad_user_info.rs,src/domain/use_cases/ad.rs,6,1,0,builtin,1,0,0
ssh_ad_user_list,src/mcp/tool_handlers/ssh_ad_user_list.rs,src/domain/use_cases/ad.rs,6,1,0,builtin,1,0,0
ssh_alert_check,src/mcp/tool_handlers/ssh_alert_check.rs,src/domain/use_cases/alert.rs,6,1,0,builtin,1,0,0
ssh_alert_list,src/mcp/tool_handlers/ssh_alert_list.rs,src/domain/use_cases/alert.rs,6,1,0,builtin,1,0,0
ssh_ansible_config,src/mcp/tool_handlers/ssh_ansible_config.rs,src/domain/use_cases/ansible.rs,6,1,0,builtin,1,0,0
ssh_ansible_facts,src/mcp/tool_handlers/ssh_ansible_facts.rs,src/domain/use_cases/ansible.rs,6,1,0,builtin,1,0,0
ssh_ansible_inventory,src/mcp/tool_handlers/ssh_ansible_inventory.rs,src/domain/use_cases/ansible.rs,6,1,0,builtin,1,0,0
ssh_ansible_lint,src/mcp/tool_handlers/ssh_ansible_lint.rs,src/domain/use_cases/ansible.rs,6,1,0,builtin,1,0,0
ssh_ansible_recap,src/mcp/tool_handlers/ssh_ansible_recap.rs,src/domain/use_cases/ansible.rs,6,1,0,builtin,1,0,0
ssh_ansible_run_background,src/mcp/tool_handlers/ssh_ansible_run_background.rs,src/domain/use_cases/ansible.rs,6,1,0,builtin,1,0,0
ssh_apache_status,src/mcp/tool_handlers/ssh_apache_status.rs,src/domain/use_cases/apache.rs,6,1,0,builtin,1,0,0
ssh_apache_vhosts,src/mcp/tool_handlers/ssh_apache_vhosts.rs,src/domain/use_cases/apache.rs,6,1,0,builtin,1,0,0
ssh_apparmor_status,src/mcp/tool_handlers/ssh_apparmor_status.rs,src/domain/use_cases/apparmor.rs,6,1,0,builtin,1,0,0
ssh_aws_cli,src/mcp/tool_handlers/ssh_aws_cli.rs,src/domain/use_cases/aws.rs,6,1,0,builtin,1,0,0
ssh_awx_inventories,src/mcp/tool_handlers/ssh_awx_inventories.rs,src/domain/use_cases/awx.rs,6,1,0,builtin,1,0,0
ssh_awx_inventory_hosts,src/mcp/tool_handlers/ssh_awx_inventory_hosts.rs,src/domain/use_cases/awx.rs,6,1,0,builtin,1,0,0
ssh_awx_job_events,src/mcp/tool_handlers/ssh_awx_job_events.rs,src/domain/use_cases/awx.rs,6,1,0,builtin,1,0,0
ssh_awx_job_follow,src/mcp/tool_handlers/ssh_awx_job_follow.rs,src/domain/use_cases/awx.rs,6,1,0,builtin,1,0,0
ssh_awx_job_status,src/mcp/tool_handlers/ssh_awx_job_status.rs,src/domain/use_cases/awx.rs,6,1,0,builtin,1,0,0
ssh_awx_job_stdout,src/mcp/tool_handlers/ssh_awx_job_stdout.rs,src/domain/use_cases/awx.rs,6,1,0,builtin,1,0,0
ssh_awx_job_summary,src/mcp/tool_handlers/ssh_awx_job_summary.rs,src/domain/use_cases/awx.rs,6,1,0,builtin,1,0,0
ssh_awx_status,src/mcp/tool_handlers/ssh_awx_status.rs,src/domain/use_cases/awx.rs,6,1,0,builtin,1,0,0
ssh_awx_template_detail,src/mcp/tool_handlers/ssh_awx_template_detail.rs,src/domain/use_cases/awx.rs,6,1,0,builtin,1,0,0
ssh_awx_templates,src/mcp/tool_handlers/ssh_awx_templates.rs,src/domain/use_cases/awx.rs,6,1,0,builtin,1,0,0
ssh_backup_schedule,src/mcp/tool_handlers/ssh_backup_schedule.rs,src/domain/use_cases/backup.rs,6,1,0,builtin,1,0,0
ssh_backup_verify,src/mcp/tool_handlers/ssh_backup_verify.rs,src/domain/use_cases/backup.rs,6,1,0,builtin,1,0,0
ssh_benchmark,src/mcp/tool_handlers/ssh_benchmark.rs,src/domain/use_cases/benchmark.rs,6,1,0,builtin,1,0,0
ssh_capacity_collect,src/mcp/tool_handlers/ssh_capacity_collect.rs,src/domain/use_cases/capacity.rs,6,1,0,builtin,1,0,0
ssh_capacity_predict,src/mcp/tool_handlers/ssh_capacity_predict.rs,src/domain/use_cases/capacity.rs,6,1,0,builtin,1,0,0
ssh_capacity_trend,src/mcp/tool_handlers/ssh_capacity_trend.rs,src/domain/use_cases/capacity.rs,6,1,0,builtin,1,0,0
ssh_cert_check,src/mcp/tool_handlers/ssh_cert_check.rs,src/domain/use_cases/cert.rs,6,1,0,builtin,1,0,0
ssh_cert_expiry,src/mcp/tool_handlers/ssh_cert_expiry.rs,src/domain/use_cases/cert.rs,6,1,0,builtin,1,0,0
ssh_cert_info,src/mcp/tool_handlers/ssh_cert_info.rs,src/domain/use_cases/cert.rs,6,1,0,builtin,1,0,0
ssh_cis_benchmark,src/mcp/tool_handlers/ssh_cis_benchmark.rs,src/domain/use_cases/cis.rs,6,1,0,builtin,1,0,0
ssh_cloud_cost,src/mcp/tool_handlers/ssh_cloud_cost.rs,src/domain/use_cases/cloud.rs,6,1,0,builtin,1,0,0
ssh_cloud_metadata,src/mcp/tool_handlers/ssh_cloud_metadata.rs,src/domain/use_cases/cloud.rs,6,1,0,builtin,1,0,0
ssh_cloud_tags,src/mcp/tool_handlers/ssh_cloud_tags.rs,src/domain/use_cases/cloud.rs,6,1,0,builtin,1,0,0
ssh_compare_state,src/mcp/tool_handlers/ssh_compare_state.rs,src/domain/use_cases/compare.rs,6,1,0,builtin,1,0,0
ssh_compliance_report,src/mcp/tool_handlers/ssh_compliance_report.rs,src/domain/use_cases/compliance.rs,6,1,0,builtin,1,0,0
ssh_compliance_score,src/mcp/tool_handlers/ssh_compliance_score.rs,src/domain/use_cases/compliance.rs,6,1,0,builtin,1,0,0
ssh_container_events,src/mcp/tool_handlers/ssh_container_events.rs,src/domain/use_cases/container.rs,6,1,0,builtin,1,0,0
ssh_container_health_history,src/mcp/tool_handlers/ssh_container_health_history.rs,src/domain/use_cases/container.rs,6,1,0,builtin,1,0,0
ssh_container_log_search,src/mcp/tool_handlers/ssh_container_log_search.rs,src/domain/use_cases/container.rs,6,1,0,builtin,1,0,0
ssh_container_log_stats,src/mcp/tool_handlers/ssh_container_log_stats.rs,src/domain/use_cases/container.rs,6,1,0,builtin,1,0,0
ssh_cron_analyze,src/mcp/tool_handlers/ssh_cron_analyze.rs,src/domain/use_cases/cron.rs,6,1,0,builtin,1,0,0
ssh_cron_history,src/mcp/tool_handlers/ssh_cron_history.rs,src/domain/use_cases/cron.rs,6,1,0,builtin,1,0,0
ssh_cron_list,src/mcp/tool_handlers/ssh_cron_list.rs,src/domain/use_cases/cron.rs,6,1,0,builtin,1,0,0
ssh_diagnose,src/mcp/tool_handlers/ssh_diagnose.rs,src/domain/use_cases/diagnose.rs,6,1,0,builtin,1,0,0
ssh_discover_hosts,src/mcp/tool_handlers/ssh_discover_hosts.rs,src/domain/use_cases/discover.rs,6,1,0,builtin,1,0,0
ssh_disk_usage,src/mcp/tool_handlers/ssh_disk_usage.rs,src/domain/use_cases/disk.rs,6,1,0,builtin,1,0,0
ssh_docker_images,src/mcp/tool_handlers/ssh_docker_images.rs,src/domain/use_cases/docker.rs,6,1,0,builtin,1,0,0
ssh_docker_logs,src/mcp/tool_handlers/ssh_docker_logs.rs,src/domain/use_cases/docker.rs,6,1,0,builtin,1,0,0
ssh_docker_network_inspect,src/mcp/tool_handlers/ssh_docker_network_inspect.rs,src/domain/use_cases/docker.rs,6,1,0,builtin,1,0,0
ssh_docker_network_ls,src/mcp/tool_handlers/ssh_docker_network_ls.rs,src/domain/use_cases/docker.rs,6,1,0,builtin,1,0,0
ssh_docker_ps,src/mcp/tool_handlers/ssh_docker_ps.rs,src/domain/use_cases/docker.rs,6,1,0,builtin,1,0,0
ssh_docker_stats,src/mcp/tool_handlers/ssh_docker_stats.rs,src/domain/use_cases/docker.rs,6,1,0,builtin,1,0,0
ssh_docker_volume_inspect,src/mcp/tool_handlers/ssh_docker_volume_inspect.rs,src/domain/use_cases/docker.rs,6,1,0,builtin,1,0,0
ssh_docker_volume_ls,src/mcp/tool_handlers/ssh_docker_volume_ls.rs,src/domain/use_cases/docker.rs,6,1,0,builtin,1,0,0
ssh_env_diff,src/mcp/tool_handlers/ssh_env_diff.rs,src/domain/use_cases/env.rs,6,1,0,builtin,1,0,0
ssh_env_drift,src/mcp/tool_handlers/ssh_env_drift.rs,src/domain/use_cases/env.rs,6,1,0,builtin,1,0,0
ssh_env_snapshot,src/mcp/tool_handlers/ssh_env_snapshot.rs,src/domain/use_cases/env.rs,6,1,0,builtin,1,0,0
ssh_fail2ban_status,src/mcp/tool_handlers/ssh_fail2ban_status.rs,src/domain/use_cases/fail2ban.rs,6,1,0,builtin,1,0,0
ssh_file_diff,src/mcp/tool_handlers/ssh_file_diff.rs,src/domain/use_cases/file.rs,6,1,0,builtin,1,0,0
ssh_file_read,src/mcp/tool_handlers/ssh_file_read.rs,src/domain/use_cases/file.rs,6,1,0,builtin,1,0,0
ssh_file_stat,src/mcp/tool_handlers/ssh_file_stat.rs,src/domain/use_cases/file.rs,6,1,0,builtin,1,0,0
ssh_find,src/mcp/tool_handlers/ssh_find.rs,src/domain/use_cases/find.rs,6,1,0,builtin,1,0,0
ssh_firewall_list,src/mcp/tool_handlers/ssh_firewall_list.rs,src/domain/use_cases/firewall.rs,6,1,0,builtin,1,0,0
ssh_firewall_status,src/mcp/tool_handlers/ssh_firewall_status.rs,src/domain/use_cases/firewall.rs,6,1,0,builtin,1,0,0
ssh_fleet_diff,src/mcp/tool_handlers/ssh_fleet_diff.rs,src/domain/use_cases/fleet.rs,6,1,0,builtin,1,0,0
ssh_git_checkout,src/mcp/tool_handlers/ssh_git_checkout.rs,src/domain/use_cases/git.rs,6,1,0,builtin,1,0,0
ssh_git_clone,src/mcp/tool_handlers/ssh_git_clone.rs,src/domain/use_cases/git.rs,6,1,0,builtin,1,0,0
ssh_git_diff,src/mcp/tool_handlers/ssh_git_diff.rs,src/domain/use_cases/git.rs,6,1,0,builtin,1,0,0
ssh_git_log,src/mcp/tool_handlers/ssh_git_log.rs,src/domain/use_cases/git.rs,6,1,0,builtin,1,0,0
ssh_git_pull,src/mcp/tool_handlers/ssh_git_pull.rs,src/domain/use_cases/git.rs,6,1,0,builtin,1,0,0
ssh_git_status,src/mcp/tool_handlers/ssh_git_status.rs,src/domain/use_cases/git.rs,6,1,0,builtin,1,0,0
ssh_group_list,src/mcp/tool_handlers/ssh_group_list.rs,src/domain/use_cases/group.rs,6,1,0,builtin,1,0,0
ssh_helm_history,src/mcp/tool_handlers/ssh_helm_history.rs,src/domain/use_cases/helm.rs,6,1,0,builtin,1,0,0
ssh_helm_list,src/mcp/tool_handlers/ssh_helm_list.rs,src/domain/use_cases/helm.rs,6,1,0,builtin,1,0,0
ssh_helm_status,src/mcp/tool_handlers/ssh_helm_status.rs,src/domain/use_cases/helm.rs,6,1,0,builtin,1,0,0
ssh_host_tags,src/mcp/tool_handlers/ssh_host_tags.rs,src/domain/use_cases/host.rs,6,1,0,builtin,1,0,0
ssh_hyperv_host_info,src/mcp/tool_handlers/ssh_hyperv_host_info.rs,src/domain/use_cases/hyperv.rs,6,1,0,builtin,1,0,0
ssh_hyperv_snapshot_list,src/mcp/tool_handlers/ssh_hyperv_snapshot_list.rs,src/domain/use_cases/hyperv.rs,6,1,0,builtin,1,0,0
ssh_hyperv_switch_list,src/mcp/tool_handlers/ssh_hyperv_switch_list.rs,src/domain/use_cases/hyperv.rs,6,1,0,builtin,1,0,0
ssh_hyperv_vm_info,src/mcp/tool_handlers/ssh_hyperv_vm_info.rs,src/domain/use_cases/hyperv.rs,6,1,0,builtin,1,0,0
ssh_hyperv_vm_list,src/mcp/tool_handlers/ssh_hyperv_vm_list.rs,src/domain/use_cases/hyperv.rs,6,1,0,builtin,1,0,0
ssh_iis_list_pools,src/mcp/tool_handlers/ssh_iis_list_pools.rs,src/domain/use_cases/iis.rs,6,1,0,builtin,1,0,0
ssh_iis_list_sites,src/mcp/tool_handlers/ssh_iis_list_sites.rs,src/domain/use_cases/iis.rs,6,1,0,builtin,1,0,0
ssh_iis_status,src/mcp/tool_handlers/ssh_iis_status.rs,src/domain/use_cases/iis.rs,6,1,0,builtin,1,0,0
ssh_incident_correlate,src/mcp/tool_handlers/ssh_incident_correlate.rs,src/domain/use_cases/incident.rs,6,1,0,builtin,1,0,0
ssh_incident_timeline,src/mcp/tool_handlers/ssh_incident_timeline.rs,src/domain/use_cases/incident.rs,6,1,0,builtin,1,0,0
ssh_incident_triage,src/mcp/tool_handlers/ssh_incident_triage.rs,src/domain/use_cases/incident.rs,6,1,0,builtin,1,0,0
ssh_io_trace,src/mcp/tool_handlers/ssh_io_trace.rs,src/domain/use_cases/io.rs,6,1,0,builtin,1,0,0
ssh_journal_boots,src/mcp/tool_handlers/ssh_journal_boots.rs,src/domain/use_cases/journal.rs,6,1,0,builtin,1,0,0
ssh_journal_disk_usage,src/mcp/tool_handlers/ssh_journal_disk_usage.rs,src/domain/use_cases/journal.rs,6,1,0,builtin,1,0,0
ssh_journal_follow,src/mcp/tool_handlers/ssh_journal_follow.rs,src/domain/use_cases/journal.rs,6,1,0,builtin,1,0,0
ssh_journal_query,src/mcp/tool_handlers/ssh_journal_query.rs,src/domain/use_cases/journal.rs,6,1,0,builtin,1,0,0
ssh_k8s_describe,src/mcp/tool_handlers/ssh_k8s_describe.rs,src/domain/use_cases/k8s.rs,6,1,0,builtin,1,0,0
ssh_k8s_get,src/mcp/tool_handlers/ssh_k8s_get.rs,src/domain/use_cases/k8s.rs,6,1,0,builtin,1,0,0
ssh_k8s_logs,src/mcp/tool_handlers/ssh_k8s_logs.rs,src/domain/use_cases/k8s.rs,6,1,0,builtin,1,0,0
ssh_k8s_top,src/mcp/tool_handlers/ssh_k8s_top.rs,src/domain/use_cases/k8s.rs,6,1,0,builtin,1,0,0
ssh_key_audit,src/mcp/tool_handlers/ssh_key_audit.rs,src/domain/use_cases/key.rs,6,1,0,builtin,1,0,0
ssh_latency_test,src/mcp/tool_handlers/ssh_latency_test.rs,src/domain/use_cases/latency.rs,6,1,0,builtin,1,0,0
ssh_ldap_group_members,src/mcp/tool_handlers/ssh_ldap_group_members.rs,src/domain/use_cases/ldap.rs,6,1,0,builtin,1,0,0
ssh_ldap_search,src/mcp/tool_handlers/ssh_ldap_search.rs,src/domain/use_cases/ldap.rs,6,1,0,builtin,1,0,0
ssh_ldap_user_info,src/mcp/tool_handlers/ssh_ldap_user_info.rs,src/domain/use_cases/ldap.rs,6,1,0,builtin,1,0,0
ssh_log_aggregate,src/mcp/tool_handlers/ssh_log_aggregate.rs,src/domain/use_cases/log.rs,6,1,0,builtin,1,0,0
ssh_log_search_multi,src/mcp/tool_handlers/ssh_log_search_multi.rs,src/domain/use_cases/log.rs,6,1,0,builtin,1,0,0
ssh_log_tail_multi,src/mcp/tool_handlers/ssh_log_tail_multi.rs,src/domain/use_cases/log.rs,6,1,0,builtin,1,0,0
ssh_metrics,src/mcp/tool_handlers/ssh_metrics.rs,src/domain/use_cases/metrics.rs,6,1,0,builtin,1,0,0
ssh_metrics_multi,src/mcp/tool_handlers/ssh_metrics_multi.rs,src/domain/use_cases/metrics.rs,6,1,0,builtin,1,0,0
ssh_mongodb_status,src/mcp/tool_handlers/ssh_mongodb_status.rs,src/domain/use_cases/mongodb.rs,6,1,0,builtin,1,0,0
ssh_multicloud_compare,src/mcp/tool_handlers/ssh_multicloud_compare.rs,src/domain/use_cases/multicloud.rs,6,1,0,builtin,1,0,0
ssh_multicloud_list,src/mcp/tool_handlers/ssh_multicloud_list.rs,src/domain/use_cases/multicloud.rs,6,1,0,builtin,1,0,0
ssh_multicloud_sync,src/mcp/tool_handlers/ssh_multicloud_sync.rs,src/domain/use_cases/multicloud.rs,6,1,0,builtin,1,0,0
ssh_mysql_query,src/mcp/tool_handlers/ssh_mysql_query.rs,src/domain/use_cases/mysql.rs,6,1,0,builtin,1,0,0
ssh_mysql_status,src/mcp/tool_handlers/ssh_mysql_status.rs,src/domain/use_cases/mysql.rs,6,1,0,builtin,1,0,0
ssh_net_connections,src/mcp/tool_handlers/ssh_net_connections.rs,src/domain/use_cases/net.rs,6,1,0,builtin,1,0,0
ssh_net_dns,src/mcp/tool_handlers/ssh_net_dns.rs,src/domain/use_cases/net.rs,6,1,0,builtin,1,0,0
ssh_net_equip_show_arp,src/mcp/tool_handlers/ssh_net_equip_show_arp.rs,src/domain/use_cases/net.rs,6,1,0,builtin,1,0,0
ssh_net_equip_show_interfaces,src/mcp/tool_handlers/ssh_net_equip_show_interfaces.rs,src/domain/use_cases/net.rs,6,1,0,builtin,1,0,0
ssh_net_equip_show_routes,src/mcp/tool_handlers/ssh_net_equip_show_routes.rs,src/domain/use_cases/net.rs,6,1,0,builtin,1,0,0
ssh_net_equip_show_run,src/mcp/tool_handlers/ssh_net_equip_show_run.rs,src/domain/use_cases/net.rs,6,1,0,builtin,1,0,0
ssh_net_equip_show_version,src/mcp/tool_handlers/ssh_net_equip_show_version.rs,src/domain/use_cases/net.rs,6,1,0,builtin,1,0,0
ssh_net_equip_show_vlans,src/mcp/tool_handlers/ssh_net_equip_show_vlans.rs,src/domain/use_cases/net.rs,6,1,0,builtin,1,0,0
ssh_net_interfaces,src/mcp/tool_handlers/ssh_net_interfaces.rs,src/domain/use_cases/net.rs,6,1,0,builtin,1,0,0
ssh_net_ping,src/mcp/tool_handlers/ssh_net_ping.rs,src/domain/use_cases/net.rs,6,1,0,builtin,1,0,0
ssh_net_routes,src/mcp/tool_handlers/ssh_net_routes.rs,src/domain/use_cases/net.rs,6,1,0,builtin,1,0,0
ssh_net_traceroute,src/mcp/tool_handlers/ssh_net_traceroute.rs,src/domain/use_cases/net.rs,6,1,0,builtin,1,0,0
ssh_network_capture,src/mcp/tool_handlers/ssh_network_capture.rs,src/domain/use_cases/network.rs,6,1,0,builtin,1,0,0
ssh_nginx_list_sites,src/mcp/tool_handlers/ssh_nginx_list_sites.rs,src/domain/use_cases/nginx.rs,6,1,0,builtin,1,0,0
ssh_nginx_status,src/mcp/tool_handlers/ssh_nginx_status.rs,src/domain/use_cases/nginx.rs,6,1,0,builtin,1,0,0
ssh_nginx_test,src/mcp/tool_handlers/ssh_nginx_test.rs,src/domain/use_cases/nginx.rs,6,1,0,builtin,1,0,0
ssh_notify,src/mcp/tool_handlers/ssh_notify.rs,src/domain/use_cases/notify.rs,6,1,0,builtin,1,0,0
ssh_perf_trace,src/mcp/tool_handlers/ssh_perf_trace.rs,src/domain/use_cases/perf.rs,6,1,0,builtin,1,0,0
ssh_pkg_list,src/mcp/tool_handlers/ssh_pkg_list.rs,src/domain/use_cases/pkg.rs,6,1,0,builtin,1,0,0
ssh_pkg_search,src/mcp/tool_handlers/ssh_pkg_search.rs,src/domain/use_cases/pkg.rs,6,1,0,builtin,1,0,0
ssh_podman_images,src/mcp/tool_handlers/ssh_podman_images.rs,src/domain/use_cases/podman.rs,6,1,0,builtin,1,0,0
ssh_podman_inspect,src/mcp/tool_handlers/ssh_podman_inspect.rs,src/domain/use_cases/podman.rs,6,1,0,builtin,1,0,0
ssh_podman_logs,src/mcp/tool_handlers/ssh_podman_logs.rs,src/domain/use_cases/podman.rs,6,1,0,builtin,1,0,0
ssh_podman_ps,src/mcp/tool_handlers/ssh_podman_ps.rs,src/domain/use_cases/podman.rs,6,1,0,builtin,1,0,0
ssh_port_scan,src/mcp/tool_handlers/ssh_port_scan.rs,src/domain/use_cases/port.rs,6,1,0,builtin,1,0,0
ssh_postgresql_query,src/mcp/tool_handlers/ssh_postgresql_query.rs,src/domain/use_cases/postgresql.rs,6,1,0,builtin,1,0,0
ssh_postgresql_status,src/mcp/tool_handlers/ssh_postgresql_status.rs,src/domain/use_cases/postgresql.rs,6,1,0,builtin,1,0,0
ssh_process_list,src/mcp/tool_handlers/ssh_process_list.rs,src/domain/use_cases/process.rs,6,1,0,builtin,1,0,0
ssh_process_top,src/mcp/tool_handlers/ssh_process_top.rs,src/domain/use_cases/process.rs,6,1,0,builtin,1,0,0
ssh_redis_cli,src/mcp/tool_handlers/ssh_redis_cli.rs,src/domain/use_cases/redis.rs,6,1,0,builtin,1,0,0
ssh_redis_info,src/mcp/tool_handlers/ssh_redis_info.rs,src/domain/use_cases/redis.rs,6,1,0,builtin,1,0,0
ssh_redis_keys,src/mcp/tool_handlers/ssh_redis_keys.rs,src/domain/use_cases/redis.rs,6,1,0,builtin,1,0,0
ssh_reg_list,src/mcp/tool_handlers/ssh_reg_list.rs,src/domain/use_cases/reg.rs,6,1,0,builtin,1,0,0
ssh_reg_query,src/mcp/tool_handlers/ssh_reg_query.rs,src/domain/use_cases/reg.rs,6,1,0,builtin,1,0,0
ssh_sbom_generate,src/mcp/tool_handlers/ssh_sbom_generate.rs,src/domain/use_cases/sbom.rs,6,1,0,builtin,1,0,0
ssh_schtask_info,src/mcp/tool_handlers/ssh_schtask_info.rs,src/domain/use_cases/schtask.rs,6,1,0,builtin,1,0,0
ssh_schtask_list,src/mcp/tool_handlers/ssh_schtask_list.rs,src/domain/use_cases/schtask.rs,6,1,0,builtin,1,0,0
ssh_security_audit,src/mcp/tool_handlers/ssh_security_audit.rs,src/domain/use_cases/security.rs,6,1,0,builtin,1,0,0
ssh_selinux_status,src/mcp/tool_handlers/ssh_selinux_status.rs,src/domain/use_cases/selinux.rs,6,1,0,builtin,1,0,0
ssh_service_list,src/mcp/tool_handlers/ssh_service_list.rs,src/domain/use_cases/service.rs,6,1,0,builtin,1,0,0
ssh_service_logs,src/mcp/tool_handlers/ssh_service_logs.rs,src/domain/use_cases/service.rs,6,1,0,builtin,1,0,0
ssh_service_status,src/mcp/tool_handlers/ssh_service_status.rs,src/domain/use_cases/service.rs,6,1,0,builtin,1,0,0
ssh_ssl_audit,src/mcp/tool_handlers/ssh_ssl_audit.rs,src/domain/use_cases/ssl.rs,6,1,0,builtin,1,0,0
ssh_stig_check,src/mcp/tool_handlers/ssh_stig_check.rs,src/domain/use_cases/stig.rs,6,1,0,builtin,1,0,0
ssh_storage_df,src/mcp/tool_handlers/ssh_storage_df.rs,src/domain/use_cases/storage.rs,6,1,0,builtin,1,0,0
ssh_storage_lsblk,src/mcp/tool_handlers/ssh_storage_lsblk.rs,src/domain/use_cases/storage.rs,6,1,0,builtin,1,0,0
ssh_template_diff,src/mcp/tool_handlers/ssh_template_diff.rs,src/domain/use_cases/template.rs,6,1,0,builtin,1,0,0
ssh_template_list,src/mcp/tool_handlers/ssh_template_list.rs,src/domain/use_cases/template.rs,6,1,0,builtin,1,0,0
ssh_template_show,src/mcp/tool_handlers/ssh_template_show.rs,src/domain/use_cases/template.rs,6,1,0,builtin,1,0,0
ssh_template_validate,src/mcp/tool_handlers/ssh_template_validate.rs,src/domain/use_cases/template.rs,6,1,0,builtin,1,0,0
ssh_terraform_init,src/mcp/tool_handlers/ssh_terraform_init.rs,src/domain/use_cases/terraform.rs,6,1,0,builtin,1,0,0
ssh_terraform_output,src/mcp/tool_handlers/ssh_terraform_output.rs,src/domain/use_cases/terraform.rs,6,1,0,builtin,1,0,0
ssh_terraform_plan,src/mcp/tool_handlers/ssh_terraform_plan.rs,src/domain/use_cases/terraform.rs,6,1,0,builtin,1,0,0
ssh_terraform_state,src/mcp/tool_handlers/ssh_terraform_state.rs,src/domain/use_cases/terraform.rs,6,1,0,builtin,1,0,0
ssh_timer_info,src/mcp/tool_handlers/ssh_timer_info.rs,src/domain/use_cases/timer.rs,6,1,0,builtin,1,0,0
ssh_timer_list,src/mcp/tool_handlers/ssh_timer_list.rs,src/domain/use_cases/timer.rs,6,1,0,builtin,1,0,0
ssh_user_info,src/mcp/tool_handlers/ssh_user_info.rs,src/domain/use_cases/user.rs,6,1,0,builtin,1,0,0
ssh_user_list,src/mcp/tool_handlers/ssh_user_list.rs,src/domain/use_cases/user.rs,6,1,0,builtin,1,0,0
ssh_vault_list,src/mcp/tool_handlers/ssh_vault_list.rs,src/domain/use_cases/vault.rs,6,1,0,builtin,1,0,0
ssh_vault_read,src/mcp/tool_handlers/ssh_vault_read.rs,src/domain/use_cases/vault.rs,6,1,0,builtin,1,0,0
ssh_vault_status,src/mcp/tool_handlers/ssh_vault_status.rs,src/domain/use_cases/vault.rs,6,1,0,builtin,1,0,0
ssh_vuln_scan,src/mcp/tool_handlers/ssh_vuln_scan.rs,src/domain/use_cases/vuln.rs,6,1,0,builtin,1,0,0
ssh_webhook_send,src/mcp/tool_handlers/ssh_webhook_send.rs,src/domain/use_cases/webhook.rs,6,1,0,builtin,1,0,0
ssh_win_disk_usage,src/mcp/tool_handlers/ssh_win_disk_usage.rs,src/domain/use_cases/win.rs,6,1,0,builtin,1,0,0
ssh_win_event_export,src/mcp/tool_handlers/ssh_win_event_export.rs,src/domain/use_cases/win.rs,6,1,0,builtin,1,0,0
ssh_win_event_logs,src/mcp/tool_handlers/ssh_win_event_logs.rs,src/domain/use_cases/win.rs,6,1,0,builtin,1,0,0
ssh_win_event_query,src/mcp/tool_handlers/ssh_win_event_query.rs,src/domain/use_cases/win.rs,6,1,0,builtin,1,0,0
ssh_win_event_sources,src/mcp/tool_handlers/ssh_win_event_sources.rs,src/domain/use_cases/win.rs,6,1,0,builtin,1,0,0
ssh_win_event_tail,src/mcp/tool_handlers/ssh_win_event_tail.rs,src/domain/use_cases/win.rs,6,1,0,builtin,1,0,0
ssh_win_feature_info,src/mcp/tool_handlers/ssh_win_feature_info.rs,src/domain/use_cases/win.rs,6,1,0,builtin,1,0,0
ssh_win_feature_list,src/mcp/tool_handlers/ssh_win_feature_list.rs,src/domain/use_cases/win.rs,6,1,0,builtin,1,0,0
ssh_win_firewall_list,src/mcp/tool_handlers/ssh_win_firewall_list.rs,src/domain/use_cases/win.rs,6,1,0,builtin,1,0,0
ssh_win_firewall_status,src/mcp/tool_handlers/ssh_win_firewall_status.rs,src/domain/use_cases/win.rs,6,1,0,builtin,1,0,0
ssh_win_net_adapters,src/mcp/tool_handlers/ssh_win_net_adapters.rs,src/domain/use_cases/win.rs,6,1,0,builtin,1,0,0
ssh_win_net_connections,src/mcp/tool_handlers/ssh_win_net_connections.rs,src/domain/use_cases/win.rs,6,1,0,builtin,1,0,0
ssh_win_net_dns,src/mcp/tool_handlers/ssh_win_net_dns.rs,src/domain/use_cases/win.rs,6,1,0,builtin,1,0,0
ssh_win_net_ip,src/mcp/tool_handlers/ssh_win_net_ip.rs,src/domain/use_cases/win.rs,6,1,0,builtin,1,0,0
ssh_win_net_ping,src/mcp/tool_handlers/ssh_win_net_ping.rs,src/domain/use_cases/win.rs,6,1,0,builtin,1,0,0
ssh_win_net_routes,src/mcp/tool_handlers/ssh_win_net_routes.rs,src/domain/use_cases/win.rs,6,1,0,builtin,1,0,0
ssh_win_perf_cpu,src/mcp/tool_handlers/ssh_win_perf_cpu.rs,src/domain/use_cases/win.rs,6,1,0,builtin,1,0,0
ssh_win_perf_disk,src/mcp/tool_handlers/ssh_win_perf_disk.rs,src/domain/use_cases/win.rs,6,1,0,builtin,1,0,0
ssh_win_perf_memory,src/mcp/tool_handlers/ssh_win_perf_memory.rs,src/domain/use_cases/win.rs,6,1,0,builtin,1,0,0
ssh_win_perf_network,src/mcp/tool_handlers/ssh_win_perf_network.rs,src/domain/use_cases/win.rs,6,1,0,builtin,1,0,0
ssh_win_perf_overview,src/mcp/tool_handlers/ssh_win_perf_overview.rs,src/domain/use_cases/win.rs,6,1,0,builtin,1,0,0
ssh_win_process_by_name,src/mcp/tool_handlers/ssh_win_process_by_name.rs,src/domain/use_cases/win.rs,6,1,0,builtin,1,0,0
ssh_win_process_info,src/mcp/tool_handlers/ssh_win_process_info.rs,src/domain/use_cases/win.rs,6,1,0,builtin,1,0,0
ssh_win_process_list,src/mcp/tool_handlers/ssh_win_process_list.rs,src/domain/use_cases/win.rs,6,1,0,builtin,1,0,0
ssh_win_process_top,src/mcp/tool_handlers/ssh_win_process_top.rs,src/domain/use_cases/win.rs,6,1,0,builtin,1,0,0
ssh_win_service_config,src/mcp/tool_handlers/ssh_win_service_config.rs,src/domain/use_cases/win.rs,6,1,0,builtin,1,0,0
ssh_win_service_list,src/mcp/tool_handlers/ssh_win_service_list.rs,src/domain/use_cases/win.rs,6,1,0,builtin,1,0,0
ssh_win_service_status,src/mcp/tool_handlers/ssh_win_service_status.rs,src/domain/use_cases/win.rs,6,1,0,builtin,1,0,0
ssh_win_update_history,src/mcp/tool_handlers/ssh_win_update_history.rs,src/domain/use_cases/win.rs,6,1,0,builtin,1,0,0
ssh_win_update_list,src/mcp/tool_handlers/ssh_win_update_list.rs,src/domain/use_cases/win.rs,6,1,0,builtin,1,0,0
ssh_win_update_search,src/mcp/tool_handlers/ssh_win_update_search.rs,src/domain/use_cases/win.rs,6,1,0,builtin,1,0,0
ssh_nginx_reload,src/mcp/tool_handlers/ssh_nginx_reload.rs,src/domain/use_cases/nginx.rs,5,0,0,builtin,1,0,0
utils,src/mcp/tool_handlers/utils.rs,,5,0,0,builtin,1,0,0
ssh_ansible_events,src/mcp/tool_handlers/ssh_ansible_events.rs,src/domain/use_cases/ansible.rs,4,1,0,no,1,0,0
ssh_backup_list,src/mcp/tool_handlers/ssh_backup_list.rs,src/domain/use_cases/backup.rs,4,1,0,no,1,0,0
ssh_db_query,src/mcp/tool_handlers/ssh_db_query.rs,src/domain/use_cases/db.rs,4,1,0,no,1,0,0
ssh_health,src/mcp/tool_handlers/ssh_health.rs,src/domain/use_cases/health.rs,4,1,0,no,1,0,0
ssh_runbook_list,src/mcp/tool_handlers/ssh_runbook_list.rs,src/domain/use_cases/runbook.rs,4,1,0,no,1,0,0
ssh_status,src/mcp/tool_handlers/ssh_status.rs,src/domain/use_cases/status.rs,4,1,0,no,1,0,0
ssh_docker_inspect,src/mcp/tool_handlers/ssh_docker_inspect.rs,src/domain/use_cases/docker.rs,3,1,0,builtin,0,0,0
ssh_esxi_datastore_list,src/mcp/tool_handlers/ssh_esxi_datastore_list.rs,src/domain/use_cases/esxi.rs,3,1,0,builtin,0,0,0
ssh_esxi_host_info,src/mcp/tool_handlers/ssh_esxi_host_info.rs,src/domain/use_cases/esxi.rs,3,1,0,builtin,0,0,0
ssh_esxi_network_list,src/mcp/tool_handlers/ssh_esxi_network_list.rs,src/domain/use_cases/esxi.rs,3,1,0,builtin,0,0,0
ssh_esxi_vm_info,src/mcp/tool_handlers/ssh_esxi_vm_info.rs,src/domain/use_cases/esxi.rs,3,1,0,builtin,0,0,0
ssh_esxi_vm_list,src/mcp/tool_handlers/ssh_esxi_vm_list.rs,src/domain/use_cases/esxi.rs,3,1,0,builtin,0,0,0
ssh_git_branch,src/mcp/tool_handlers/ssh_git_branch.rs,src/domain/use_cases/git.rs,3,1,0,builtin,0,0,0
ssh_runbook_validate,src/mcp/tool_handlers/ssh_runbook_validate.rs,src/domain/use_cases/runbook.rs,3,1,0,builtin,0,0,0
ssh_tail,src/mcp/tool_handlers/ssh_tail.rs,src/domain/use_cases/tail.rs,3,1,0,builtin,0,0,0
ssh_config_get,src/mcp/tool_handlers/ssh_config_get.rs,src/domain/use_cases/config.rs,1,1,0,no,0,0,0
ssh_history,src/mcp/tool_handlers/ssh_history.rs,src/domain/use_cases/history.rs,1,1,0,no,0,0,0
ssh_ls,src/mcp/tool_handlers/ssh_ls.rs,src/domain/use_cases/ls.rs,1,1,0,no,0,0,0
ssh_output_fetch,src/mcp/tool_handlers/ssh_output_fetch.rs,src/domain/use_cases/output.rs,1,1,0,no,0,0,0
ssh_recording_list,src/mcp/tool_handlers/ssh_recording_list.rs,src/domain/use_cases/recording.rs,1,1,0,no,0,0,0
ssh_recording_replay,src/mcp/tool_handlers/ssh_recording_replay.rs,src/domain/use_cases/recording.rs,1,1,0,no,0,0,0
ssh_recording_verify,src/mcp/tool_handlers/ssh_recording_verify.rs,src/domain/use_cases/recording.rs,1,1,0,no,0,0,0
ssh_session_list,src/mcp/tool_handlers/ssh_session_list.rs,src/domain/use_cases/session.rs,1,1,0,no,0,0,0
ssh_tunnel_list,src/mcp/tool_handlers/ssh_tunnel_list.rs,src/domain/use_cases/tunnel.rs,1,1,0,no,0,0,0
